{
    "page": 1,
    "products": [
        {
            "sku": 1267619,
            "name": "AudioQuest - Cinnamon 4.9' USB A/B Cable - Black/Red",
            "salePrice": 109.95,
            "images": [
                {
                    "href": "https://pisces.bbystatic.com/image2/BestBuy_US/images/products/1267/1267619_ra.jpg"
                },
                {
                    "href": "https://pisces.bbystatic.com/prescaled/160/220/image2/BestBuy_US/images/products/1267/1267619_ra.jpg"
                },
                {
                    "href": "https://pisces.bbystatic.com/prescaled/500/500/image2/BestBuy_US/images/products/1267/1267619_ra.jpg"
                },
                {
                    "href": "https://pisces.bbystatic.com/prescaled/108/54/image2/BestBuy_US/images/products/1267/1267619_ra.jpg"
                },
                {
                    "href": "https://pisces.bbystatic.com/prescaled/105/210/image2/BestBuy_US/images/products/1267/1267619_ra.jpg"
                },
                {
                    "href": "https://pisces.bbystatic.com/prescaled/140/70/image2/BestBuy_US/images/products/1267/1267619_ra.jpg"
                }
            ],
            "digital": false,
            "shippingCost": 0,
            "description": null,
            "customerReviewCount": 1
        },
        {
            "sku": 1267628,
            "name": "AudioQuest - Carbon 2.5' USB A/B Cable - Black/Gray",
            "salePrice": 169.95,
            "images": [
                {
                    "href": "https://pisces.bbystatic.com/image2/BestBuy_US/images/products/1267/1267628_ra.jpg"
                },
                {
                    "href": "https://pisces.bbystatic.com/prescaled/160/220/image2/BestBuy_US/images/products/1267/1267628_ra.jpg"
                },
                {
                    "href": "https://pisces.bbystatic.com/prescaled/500/500/image2/BestBuy_US/images/products/1267/1267628_ra.jpg"
                },
                {
                    "href": "https://pisces.bbystatic.com/prescaled/108/54/image2/BestBuy_US/images/products/1267/1267628_ra.jpg"
                },
                {
                    "href": "https://pisces.bbystatic.com/prescaled/105/210/image2/BestBuy_US/images/products/1267/1267628_ra.jpg"
                },
                {
                    "href": "https://pisces.bbystatic.com/prescaled/140/70/image2/BestBuy_US/images/products/1267/1267628_ra.jpg"
                }
            ],
            "digital": false,
            "shippingCost": 0,
            "description": null,
            "customerReviewCount": 5
        }
		]
}
